phrase,df_total,df_Belek,df_Algarve,prev_Belek,prev_Algarve,logodds_B_vs_A,z_B_vs_A,lift_Belek,with_B,without_B,lift_Algarve,with_A,without_A
adult pool,89,76,13,0.030183,0.004915,1.6352189698801496,5.7695525568777635,0.1147,76,2442,0.2816,13,2632
amazing hotel,24,20,4,0.007943,0.001512,1.4938349236117654,2.8670120897887554,0.0962,20,2498,0.7429,4,2641
amazing place,12,10,2,0.003971,0.000756,1.493680693126553,2.027074384209378,0.0959,10,2508,0.7423,2,2643
amazing time,13,11,2,0.004369,0.000756,1.579582766846313,2.1694974507384535,0.2968,11,2507,0.242,2,2643
animation team,18,17,1,0.006751,0.000378,2.5171375515543133,2.8345874113792813,-0.2355,17,2501,-0.2583,1,2644
aqua park,14,14,0,0.00556,0.0,3.8860562943938497,2.0585741287446986,0.2253,14,2504,,0,0
attention to detail,48,32,16,0.012708,0.006049,0.6396912863229227,2.1417475558652996,0.0144,32,2486,-0.3856,16,2629
attentive staff,46,31,15,0.012311,0.005671,0.6708781444361946,2.1876805036541676,0.1032,31,2487,0.4108,15,2630
baby food,14,13,1,0.005163,0.000378,2.310801408029155,2.502407003582844,0.2197,13,2505,-0.2583,1,2644
back next year,86,59,27,0.023431,0.010208,0.7241479033468261,3.1993378104211243,0.2331,59,2459,0.6746,27,2618
beach area,61,47,14,0.018666,0.005293,1.1281393776486661,3.839953966675883,-0.2193,47,2471,0.2431,14,2631
beach club,18,3,15,0.001191,0.005671,-1.5426397888388923,-2.5640239435728995,0.2958,3,2515,0.0085,15,2630
beautiful garden,14,2,12,0.000794,0.004537,-1.7062078349771799,-2.3688393427670924,-0.2047,2,2516,0.494,12,2633
beautiful setting,19,4,15,0.001589,0.005671,-1.279295481497286,-2.3639895279166914,-0.7056,4,2514,0.4778,15,2630
bed apartment,50,0,50,0.0,0.018904,-3.9356531065199283,-3.9399909053563276,,0,0,0.1445,50,2595
bedroom suite,15,2,13,0.000794,0.004915,-1.7771111997709887,-2.4916981164915164,0.2957,2,2516,-0.1049,13,2632
bell boy,11,10,1,0.003971,0.000378,2.0977021925884305,2.1939422753730566,-0.0045,10,2508,0.7421,1,2644
big hotel,19,18,1,0.007149,0.000378,2.5594150995096365,2.908051045239257,-0.0381,18,2500,-0.2583,1,2644
big shout,12,10,2,0.003971,0.000756,1.493680693126553,2.027074384209378,-0.0045,10,2508,-1.2592,2,2643
big thank,16,14,2,0.00556,0.000756,1.7933139399375495,2.537369400550385,0.1535,14,2504,0.7423,2,2643
bit of a walk,14,3,11,0.001191,0.004159,-1.2584373904882575,-2.00765535134029,0.2958,3,2515,-0.0767,11,2634
bottle of water,41,6,35,0.002383,0.013233,-1.6814977166981313,-4.029474788470195,-0.5391,6,2512,-0.4933,35,2610
bouncy castle,15,1,14,0.000397,0.005293,-2.417928630160395,-2.6457586661351993,0.2956,1,2517,0.1713,14,2631
breakfast buffet,59,7,52,0.00278,0.01966,-1.8946107597018056,-5.05180312943609,-0.2767,7,2511,0.0112,52,2593
breakfast room,10,1,9,0.000397,0.003403,-2.0582549952428835,-2.124179589085122,0.2956,1,2517,0.1869,9,2636
buffet breakfast,39,3,36,0.001191,0.013611,-2.2962093853384262,-4.260171976925805,-0.0379,3,2515,0.1325,36,2609
buffet dinner,14,3,11,0.001191,0.004159,-1.2584373904882575,-2.00765535134029,-0.3716,3,2515,0.0146,11,2634
buffet restaurant,101,84,17,0.03336,0.006427,1.484103761206251,5.863174162567942,-0.1623,84,2434,0.0361,17,2628
buffet style,36,10,26,0.003971,0.00983,-0.9371657704821263,-2.59378047251428,0.1963,10,2508,-0.1831,26,2619
buggy driver,16,16,0,0.006354,0.0,3.886095118872266,2.2007302995165197,-0.1429,16,2502,,0,0
buggy service,24,23,1,0.009134,0.000378,2.733350331307628,3.236157362046541,-0.1406,23,2495,0.7421,1,2644
car park,20,1,19,0.000397,0.007183,-2.647708180014132,-3.0345571245086087,0.2956,1,2517,-1.1083,19,2626
carte restaurant,270,261,9,0.103654,0.003403,2.890359988058095,10.725584395584468,-0.1021,261,2257,-0.3706,9,2636
carya golf,23,23,0,0.009134,0.0,3.886230987443195,2.6386751882974373,0.2104,23,2495,,0,0
championship course,87,5,82,0.001986,0.031002,-2.5403552705280976,-6.361723766215347,-0.1047,5,2513,-0.3923,82,2563
championship golf course,24,2,22,0.000794,0.008318,-2.2253745741575424,-3.332396803509323,0.2957,2,2516,0.1063,22,2623
chocolate shop,14,14,0,0.00556,0.0,3.8860562943938497,2.0585741287446986,0.2253,14,2504,,0,0
clean room,22,16,6,0.006354,0.002268,0.9120181552768987,1.9631032023093415,-0.1429,16,2502,-0.0918,6,2639
club house,71,19,52,0.007546,0.01966,-0.9858170841282883,-3.7914830790864946,0.0326,19,2499,-0.283,52,2593
club restaurant,11,1,10,0.000397,0.003781,-2.1465806765845166,-2.245063246106674,0.2956,1,2517,-0.46,10,2635
coffee machine,31,10,21,0.003971,0.00794,-0.7348788833431428,-1.9622004800250517,-0.6069,10,2508,0.2197,21,2624
coffee shop,12,10,2,0.003971,0.000756,1.493680693126553,2.027074384209378,-0.3057,10,2508,-0.2584,2,2643
cold meat,17,2,15,0.000794,0.005671,-1.9022699717735705,-2.714406130740591,0.2957,2,2516,0.0085,15,2630
comfortable bed,51,17,34,0.006751,0.012854,-0.6886086869464663,-2.3764835448211326,0.0014,17,2501,0.2151,34,2611
common area,10,9,1,0.003574,0.000378,2.009377011136378,2.073736074343444,-0.8186,9,2509,0.7421,1,2644
communal area,10,1,9,0.000397,0.003403,-2.0582549952428835,-2.124179589085122,0.2956,1,2517,-0.7051,9,2636
couple of day,37,25,12,0.009929,0.004537,0.6784561562783145,1.9816510548897461,-0.0652,25,2493,-0.1757,12,2633
course in the area,19,5,14,0.001986,0.005293,-1.0067839455668377,-1.9934104460726332,-0.1047,5,2513,-0.3314,14,2631
credit to the hotel,50,41,9,0.016283,0.003403,1.4095688734863696,4.009791677798198,0.1268,41,2477,0.5213,9,2636
day golf break,10,1,9,0.000397,0.003403,-2.0582549952428835,-2.124179589085122,-0.7048,1,2517,-0.0361,9,2636
day holiday,22,17,5,0.006751,0.00189,1.1395423491685595,2.3222139131184694,-0.5316,17,2501,-0.2587,5,2640
delicious food,34,31,3,0.012311,0.001134,2.125246738303436,3.866160783243539,0.1685,31,2487,0.0752,3,2642
different hotel,17,13,4,0.005163,0.001512,1.0974522534874538,1.9873910405634911,0.1424,13,2505,-0.509,4,2641
dining area,25,6,19,0.002383,0.007183,-1.1221689224931035,-2.479450741296299,0.1291,6,2512,-0.1011,19,2626
dining room,35,11,24,0.004369,0.009074,-0.7712140539436048,-2.1742328082340845,-0.525,11,2507,0.1599,24,2621
dinner buffet,14,2,12,0.000794,0.004537,-1.7062078349771799,-2.3688393427670924,0.2957,2,2516,0.2429,12,2633
dressing room,13,11,2,0.004369,0.000756,1.579582766846313,2.1694974507384535,-0.0685,11,2507,-0.7588,2,2643
drink price,11,1,10,0.000397,0.003781,-2.1465806765845166,-2.245063246106674,-0.7048,1,2517,0.4435,10,2635
drink service,15,13,2,0.005163,0.000756,1.7282307158648447,2.4231625011074995,-0.1669,13,2505,0.242,2,2643
driving range,10,1,9,0.000397,0.003403,-2.0582549952428835,-2.124179589085122,0.2956,1,2517,-0.1476,9,2636
enjoyable week,12,2,10,0.000794,0.003781,-1.5425596772931414,-2.0934080639484334,-0.7051,2,2516,0.3431,10,2635
entertainment staff,16,16,0,0.006354,0.0,3.886095118872266,2.2007302995165197,-0.2058,16,2502,,0,0
entertainment team,44,41,3,0.016283,0.001134,2.35069897080981,4.440006777359022,0.1516,41,2477,-0.5922,3,2642
evening buffet,23,5,18,0.001986,0.006805,-1.2415345055655065,-2.550540415599651,0.2961,5,2513,-0.1481,18,2627
evening meal,81,26,55,0.010326,0.020794,-0.7421802239381883,-3.1995064754075684,-0.2455,26,2492,-0.0409,55,2590
evening show,17,16,1,0.006354,0.000378,2.4716253576047755,2.7577759955792267,-0.08,16,2502,0.7421,1,2644
excellent condition,69,48,21,0.019063,0.00794,0.7667042027312565,3.0105064533748966,0.1738,48,2470,0.0277,21,2624
excellent food,58,40,18,0.015886,0.006805,0.739903139749293,2.676841898743151,0.097,40,2478,0.4112,18,2627
excellent service,102,67,35,0.026608,0.013233,0.5982865749535007,2.9390139305559284,0.1195,67,2451,0.3464,35,2610
excellent value,22,4,18,0.001589,0.006805,-1.4469104768975933,-2.73964335425565,0.0455,4,2514,0.2994,18,2627
exceptional service,15,12,3,0.004766,0.001134,1.289932850860163,2.082503662498944,-0.1218,12,2506,0.0752,3,2642
facility in the room,9,1,8,0.000397,0.003025,-1.9578504570533575,-1.9912079162178047,0.2956,1,2517,-0.6351,8,2637
family holiday,58,20,38,0.007943,0.014367,-0.6397869926463002,-2.3725004282848867,-0.1054,20,2498,0.005,38,2607
family pool,13,12,1,0.004766,0.000378,2.2468909460397253,2.40678341677753,0.1294,12,2506,0.7421,1,2644
family resort,11,1,10,0.000397,0.003781,-2.1465806765845166,-2.245063246106674,-2.7056,1,2517,-0.3596,10,2635
family suite,29,23,6,0.009134,0.002268,1.2508400132641775,2.8394226580670927,0.1227,23,2495,-0.0918,6,2639
family with child,12,11,1,0.004369,0.000378,2.17629604522636,2.3043930805809065,0.0228,11,2507,-0.2583,1,2644
fantastic holiday,28,22,6,0.008737,0.002268,1.2097111432754657,2.7293185457645226,0.2981,22,2496,0.5764,6,2639
fantastic hotel,42,31,11,0.012311,0.004159,0.9641937433233583,2.8344579476240908,0.1685,31,2487,0.7449,11,2634
fantastic service,18,15,3,0.005957,0.001134,1.4937578051217333,2.4827771239543854,0.2972,15,2503,0.7426,3,2642
fantastic time,21,17,4,0.006751,0.001512,1.3457147234154414,2.529017603999119,0.179,17,2501,0.4925,4,2641
few day,51,16,35,0.006354,0.013233,-0.7738041108035523,-2.6322169267140705,-0.2058,16,2502,-0.1748,35,2610
few people,21,16,5,0.006354,0.00189,1.0830231071089713,2.1878120164773196,-0.2687,16,2502,-0.2587,5,2640
fish restaurant,38,30,8,0.011914,0.003025,1.2306244773450583,3.2159939959377253,0.0292,30,2488,-0.1336,8,2637
food choice,30,23,7,0.009134,0.002647,1.1077774586514373,2.6580104872748844,-0.0967,23,2495,-0.1157,7,2638
food in the buffet,15,15,0,0.005957,0.0,3.8860757071539513,2.130837305925745,-0.4405,15,2503,,0,0
food in the main restaurant,27,24,3,0.009531,0.001134,1.9092436347449873,3.363249390098475,-0.0803,24,2494,-0.9259,3,2642
food quality,33,26,7,0.010326,0.002647,1.2217141858497431,2.982570518399505,-0.1289,26,2492,-0.2589,7,2638
free drink,11,10,1,0.003971,0.000378,2.0977021925884305,2.1939422753730566,-0.7073,10,2508,0.7421,1,2644
free entry,11,10,1,0.003971,0.000378,2.0977021925884305,2.1939422753730566,0.2967,10,2508,0.7421,1,2644
free shuttle bus,24,7,17,0.00278,0.006427,-0.8726462640356925,-1.998455937445763,0.0098,7,2511,0.2729,17,2628
front desk,52,13,39,0.005163,0.014745,-1.0718583445067162,-3.4581786419376965,-0.7082,13,2505,0.1023,39,2606
garden room,24,5,19,0.001986,0.007183,-1.2915996319374194,-2.6732957552936303,-0.1047,5,2513,0.005,19,2626
garden villa,15,3,12,0.001191,0.004537,-1.3388133347331053,-2.1614176824204026,0.2958,3,2515,-0.3431,12,2633
golf clubhouse,20,1,19,0.000397,0.007183,-2.647708180014132,-3.0345571245086087,0.2956,1,2517,0.058,19,2626
golf driving range,17,2,15,0.000794,0.005671,-1.9022699717735705,-2.714406130740591,0.2957,2,2516,0.1426,15,2630
golf holiday,41,34,7,0.013503,0.002647,1.4677818164662781,3.712832922013022,-0.1179,34,2484,0.0276,7,2638
golf hotel,78,73,5,0.028991,0.00189,2.4026749960306972,5.914239121793624,-0.0343,73,2445,-0.8598,5,2640
good breakfast,20,4,16,0.001589,0.006049,-1.3388735447984406,-2.4959024040032034,0.0455,4,2514,-0.134,16,2629
good choice,36,11,25,0.004369,0.009452,-0.8099482529911146,-2.2995090000087726,0.1142,11,2507,0.022,25,2620
good deal,17,4,13,0.001589,0.004915,-1.1463337371281277,-2.075911176476663,0.2959,4,2514,-0.1049,13,2632
good experience,27,23,4,0.009134,0.001512,1.619568073721127,3.163235938062103,-0.0528,23,2495,-1.2601,4,2641
good idea,15,3,12,0.001191,0.004537,-1.3388133347331053,-2.1614176824204026,-0.3716,3,2515,-0.0083,12,2633
good location,20,5,15,0.001986,0.005671,-1.071535780064302,-2.144025933894071,-0.1047,5,2513,0.1426,15,2630
good point,17,4,13,0.001589,0.004915,-1.1463337371281277,-2.075911176476663,-0.4553,4,2514,-1.1098,13,2632
good pool,9,1,8,0.000397,0.003025,-1.9578504570533575,-1.9912079162178047,0.2956,1,2517,-0.259,8,2637
good restaurant,34,7,27,0.00278,0.010208,-1.3055046704268527,-3.2036629403903425,0.153,7,2511,0.4501,27,2618
good service,86,61,25,0.024226,0.009452,0.8286953121035552,3.589286703846385,0.0172,61,2457,0.1431,25,2620
good start,15,12,3,0.004766,0.001134,1.289932850860163,2.082503662498944,-0.2892,12,2506,-0.5922,3,2642
good test,14,3,11,0.001191,0.004159,-1.2584373904882575,-2.00765535134029,-0.7054,3,2515,-0.2593,11,2634
good value,66,15,51,0.005957,0.019282,-1.1889092574687883,-4.196440687369218,-0.1052,15,2503,0.1166,51,2594
great beach,17,4,13,0.001589,0.004915,-1.1463337371281277,-2.075911176476663,-0.2049,4,2514,0.2816,13,2632
great breakfast,15,2,13,0.000794,0.004915,-1.7771111997709887,-2.4916981164915164,-0.7051,2,2516,0.5135,13,2632
great deal,12,1,11,0.000397,0.004159,-2.2251750291286765,-2.3561490870936175,0.2956,1,2517,0.2884,11,2634
great fun,52,34,18,0.013503,0.006805,0.585257916898346,2.0566774439183595,0.1803,34,2484,0.2434,18,2627
great location,42,13,29,0.005163,0.010964,-0.7923237354145272,-2.4376562306322067,-0.0896,13,2505,0.1573,29,2616
great place,101,41,60,0.016283,0.022684,-0.39030690027161885,-1.968015793470217,0.1516,41,2477,0.3497,60,2585
great pool,17,2,15,0.000794,0.005671,-1.9022699717735705,-2.714406130740591,-0.7051,2,2516,0.2096,15,2630
great restaurant,18,3,15,0.001191,0.005671,-1.5426397888388923,-2.5640239435728995,-0.3716,3,2515,0.1426,15,2630
great service,96,69,27,0.027403,0.010208,0.872509189536185,3.957010495047465,0.1548,69,2449,0.3378,27,2618
ground floor apartment,9,1,8,0.000397,0.003025,-1.9578504570533575,-1.9912079162178047,0.2956,1,2517,-0.0082,8,2637
guest relation,106,99,7,0.039317,0.002647,2.3784844500190463,6.895790716162038,-0.071,99,2419,-0.1157,7,2638
half board,46,3,43,0.001191,0.016257,-2.4367623133336096,-4.633827659193494,-0.0379,3,2515,-0.3098,43,2602
half hour,16,3,13,0.001191,0.004915,-1.412328373017397,-2.3044977968972025,-1.0391,3,2515,-0.3368,13,2632
happy hour,17,1,16,0.000397,0.006049,-2.520506841304913,-2.8123166976972747,0.2956,1,2517,0.1175,16,2629
health club,14,2,12,0.000794,0.004537,-1.7062078349771799,-2.3688393427670924,-0.2047,2,2516,0.1592,12,2633
heated pool,28,20,8,0.007943,0.003025,0.8511895013727075,2.0938284312073057,-0.0046,20,2498,0.4933,8,2637
high expectation,13,11,2,0.004369,0.000756,1.579582766846313,2.1694974507384535,-0.1598,11,2507,0.242,2,2643
high level,31,29,2,0.011517,0.000756,2.3965683108780977,3.7272872466929465,0.1245,29,2489,0.7423,2,2643
hole par,17,0,17,0.0,0.006427,-3.9349960111524025,-2.2970061720788406,,0,0,-0.2007,17,2628
home from home,9,1,8,0.000397,0.003025,-1.9578504570533575,-1.9912079162178047,0.2956,1,2517,0.744,8,2637
hotel area,15,13,2,0.005163,0.000756,1.7282307158648447,2.4231625011074995,0.2197,13,2505,-1.7596,2,2643
hotel in the area,35,31,4,0.012311,0.001512,1.882017861959894,3.8132207834419822,-0.2234,31,2487,0.2421,4,2641
hotel management,18,14,4,0.00556,0.001512,1.166450115052914,2.134853902125862,-0.4212,14,2504,-1.5105,4,2641
hotel reception,22,5,17,0.001986,0.006427,-1.1884263325396347,-2.421832032967889,-0.3051,5,2513,-0.7927,17,2628
hotel restaurant,21,5,16,0.001986,0.006049,-1.1319065904751096,-2.286561407523272,0.0957,5,2513,0.1804,16,2629
hotel staff,111,67,44,0.026608,0.016635,0.3795099796479473,1.99883628455299,-0.1411,67,2451,-0.0546,44,2601
ice cream,99,80,19,0.031771,0.007183,1.3380811130952681,5.473837577811694,0.0728,80,2438,0.111,19,2626
icing on the cake,15,12,3,0.004766,0.001134,1.289932850860163,2.082503662498944,0.2969,12,2506,0.4089,3,2642
inclusive drink,10,9,1,0.003574,0.000378,2.009377011136378,2.073736074343444,-0.261,9,2509,-0.2583,1,2644
inclusive holiday,12,11,1,0.004369,0.000378,2.17629604522636,2.3043930805809065,-0.0685,11,2507,-0.2583,1,2644
inclusive hotel,40,33,7,0.013106,0.002647,1.4406457795911152,3.6302825857546854,0.0538,33,2485,-0.4021,7,2638
inclusive package,47,44,3,0.017474,0.001134,2.405668336405232,4.589881222133885,0.0,44,2474,-1.5934,3,2642
indoor pool,151,55,96,0.021843,0.036295,-0.5593351952371322,-3.3847809504381203,0.1348,55,2463,-0.2247,96,2549
irish bar,34,31,3,0.012311,0.001134,2.125246738303436,3.866160783243539,-0.2887,31,2487,0.7426,3,2642
italian restaurant,62,41,21,0.016283,0.00794,0.61682855886587,2.35562917217734,-0.1707,41,2477,-0.0683,21,2624
japanese restaurant,16,13,3,0.005163,0.001134,1.3634473892149899,2.2247386405742646,0.1424,13,2505,-0.9259,3,2642
junior suite,20,4,16,0.001589,0.006049,-1.3388735447984406,-2.4959024040032034,-0.2049,4,2514,-0.134,16,2629
large hotel,21,17,4,0.006751,0.001512,1.3457147234154414,2.529017603999119,-0.2948,17,2501,-0.7594,4,2641
last night,33,10,23,0.003971,0.008696,-0.8212302826875426,-2.227540481018708,-0.7073,10,2508,-0.3482,23,2622
last time,29,21,8,0.00834,0.003025,0.8972381910308593,2.2244994946856957,-0.3743,21,2497,0.3679,8,2637
last year,114,69,45,0.027403,0.017013,0.38617391293959,2.059863058949841,-0.173,69,2449,-0.0366,45,2600
live band,25,22,3,0.008737,0.001134,1.8339994304095377,3.1963144718900063,-0.0229,22,2496,-0.2585,3,2642
living room,32,5,27,0.001986,0.010208,-1.6122469551637675,-3.4931955883283234,-0.5055,5,2513,0.1881,27,2618
lobby bar,58,48,10,0.019063,0.003781,1.4572522557299585,4.399189253317079,-0.0598,48,2470,-0.3596,10,2635
local area,10,1,9,0.000397,0.003403,-2.0582549952428835,-2.124179589085122,0.2956,1,2517,0.0754,9,2636
locker room,9,1,8,0.000397,0.003025,-1.9578504570533575,-1.9912079162178047,0.2956,1,2517,-0.1336,8,2637
long weekend,11,1,10,0.000397,0.003781,-2.1465806765845166,-2.245063246106674,-0.7048,1,2517,0.2427,10,2635
lot of restaurant,16,3,13,0.001191,0.004915,-1.412328373017397,-2.3044977968972025,0.2958,3,2515,0.3589,13,2632
lovely place,29,6,23,0.002383,0.008696,-1.299727496901923,-2.9503978645402658,0.2962,6,2512,0.0904,23,2622
lovely stay,13,2,11,0.000794,0.004159,-1.6284622509082016,-2.236631581530092,0.2957,2,2516,0.1971,11,2634
lovely view,29,8,21,0.003177,0.00794,-0.9461256741412951,-2.3457049700686303,-0.2052,8,2510,0.1717,21,2624
luxury resort,14,2,12,0.000794,0.004537,-1.7062078349771799,-2.3688393427670924,-1.2055,2,2516,-0.7617,12,2633
main buffet,41,40,1,0.015886,0.000378,3.0771121662104255,4.0811968300577,0.097,40,2478,0.7421,1,2644
main buffet restaurant,33,31,2,0.012311,0.000756,2.4478032196996464,3.844247760642303,0.1032,31,2487,0.242,2,2643
main pool,99,67,32,0.026608,0.012098,0.6836132661449472,3.2635037359534507,-0.0338,67,2451,0.1182,32,2613
main restaurant,178,161,17,0.06394,0.006427,2.0549114102027968,8.800251165332472,-0.2351,161,2357,-0.1415,17,2628
main road,18,4,14,0.001589,0.005293,-1.2153320986414116,-2.2243184167766428,-0.4553,4,2514,-0.0442,14,2631
many bar,12,10,2,0.003971,0.000756,1.493680693126553,2.027074384209378,0.2967,10,2508,0.7423,2,2643
many year,29,8,21,0.003177,0.00794,-0.9461256741412951,-2.3457049700686303,0.2964,8,2510,-0.2603,21,2624
min drive,15,1,14,0.000397,0.005293,-2.417928630160395,-2.6457586661351993,-1.7052,1,2517,0.2431,14,2631
min walk,25,2,23,0.000794,0.008696,-2.261591864776923,-3.406544744000551,0.2957,2,2516,0.222,23,2622
mini bar,154,133,21,0.05282,0.00794,1.7072478538587967,7.731904728979608,0.0024,133,2385,-0.2603,21,2624
mini disco,18,16,2,0.006354,0.000756,1.9091082974703912,2.7458869710504414,0.0458,16,2502,-0.2584,2,2643
mini golf,39,12,27,0.004766,0.010208,-0.8004422236787603,-2.3695043330389214,0.2132,12,2506,0.1133,27,2618
mini golf course,12,1,11,0.000397,0.004159,-2.2251750291286765,-2.3561490870936175,0.2956,1,2517,0.3797,11,2634
minute drive,36,3,33,0.001191,0.012476,-2.225574156349958,-4.081701928184295,-0.3716,3,2515,0.3829,33,2612
minute walk,107,23,84,0.009134,0.031758,-1.2558348772623198,-5.544402404167416,-0.1845,23,2495,-0.0577,84,2561
montgomerie golf,15,15,0,0.005957,0.0,3.8860757071539513,2.130837305925745,0.1631,15,2503,,0,0
montgomery golf,14,14,0,0.00556,0.0,3.8860562943938497,2.0585741287446986,0.1535,14,2504,,0,0
most part,9,1,8,0.000397,0.003025,-1.9578504570533575,-1.9912079162178047,-1.7052,1,2517,0.2425,8,2637
most people,30,9,21,0.003574,0.00794,-0.8348369863999521,-2.1534632224511547,0.2965,9,2509,-0.3563,21,2624
mountain view,18,3,15,0.001191,0.005671,-1.5426397888388923,-2.5640239435728995,-0.0379,3,2515,-0.662,15,2630
near beach,13,0,13,0.0,0.004915,-3.9349163606234043,-2.0086329687546978,,0,0,0.2816,13,2632
near town,11,1,10,0.000397,0.003781,-2.1465806765845166,-2.245063246106674,0.2956,1,2517,-0.1588,10,2635
new course,15,14,1,0.00556,0.000378,2.3690481464340003,2.5922724044603003,0.0098,14,2504,-0.2583,1,2644
next year,206,144,62,0.057188,0.02344,0.7829097317269671,5.296445843224667,0.1514,144,2374,0.2641,62,2583
nice people,13,11,2,0.004369,0.000756,1.579582766846313,2.1694974507384535,0.2055,11,2507,0.7423,2,2643
nice restaurant,12,2,10,0.000794,0.003781,-1.5425596772931414,-2.0934080639484334,-0.7051,2,2516,0.4435,10,2635
night club,13,12,1,0.004766,0.000378,2.2468909460397253,2.40678341677753,0.0457,12,2506,0.7421,1,2644
number of year,9,1,8,0.000397,0.003025,-1.9578504570533575,-1.9912079162178047,0.2956,1,2517,0.6186,8,2637
old town,42,1,41,0.000397,0.015501,-3.1396451331691573,-4.188448416277236,0.2956,1,2517,0.2084,41,2604
only area,22,20,2,0.007943,0.000756,2.097876329536354,3.102960486159278,-0.1054,20,2498,-0.2584,2,2643
other guest,49,17,32,0.006751,0.012098,-0.6308329101691301,-2.152985540168896,-0.1763,17,2501,-0.2614,32,2613
other hotel,93,74,19,0.029388,0.007183,1.2662389648897703,5.126072544642329,-0.1133,74,2444,0.005,19,2626
other review,61,16,45,0.006354,0.017013,-1.011373337246508,-3.584641201015446,-0.3316,16,2502,-0.0366,45,2600
outstanding service,11,10,1,0.003971,0.000378,2.0977021925884305,2.1939422753730566,0.2967,10,2508,0.7421,1,2644
part of the resort,15,2,13,0.000794,0.004915,-1.7771111997709887,-2.4916981164915164,-1.2055,2,2516,-0.3368,13,2632
peak season,20,5,15,0.001986,0.005671,-1.071535780064302,-2.144025933894071,0.2961,5,2513,0.2096,15,2630
personal assistant,25,25,0,0.009929,0.0,3.8862698058520913,2.7510365328875523,-0.1864,25,2493,,0,0
pier bar,21,21,0,0.00834,0.0,3.886192169007491,2.521316260427804,-0.2303,21,2497,,0,0
pillow menu,13,12,1,0.004766,0.000378,2.2468909460397253,2.40678341677753,0.1294,12,2506,-0.2583,1,2644
pinhal golf course,18,0,18,0.0,0.006805,-3.935015921708324,-2.363611810951353,,0,0,0.5231,18,2627
pitch mark,18,3,15,0.001191,0.005671,-1.5426397888388923,-2.5640239435728995,-0.3716,3,2515,-0.5949,15,2630
plastic cup,16,2,14,0.000794,0.005293,-1.8421949237933788,-2.606531363741781,-0.7051,2,2516,-0.5468,14,2631
plenty of lounger,16,0,16,0.0,0.006049,-3.9349760999989165,-2.228412034766153,,0,0,0.1175,16,2629
plenty of pool,14,2,12,0.000794,0.004537,-1.7062078349771799,-2.3688393427670924,0.2957,2,2516,0.1592,12,2633
plenty of room,32,9,23,0.003574,0.008696,-0.9208633917652937,-2.411191884577055,-0.038,9,2509,0.3974,23,2622
pool bar,130,47,83,0.018666,0.03138,-0.5703807950542865,-3.1979280281751823,-0.1542,47,2471,-0.3537,83,2562
pool party,13,12,1,0.004766,0.000378,2.2468909460397253,2.40678341677753,0.0457,12,2506,0.7421,1,2644
pool staff,14,2,12,0.000794,0.004537,-1.7062078349771799,-2.3688393427670924,0.2957,2,2516,0.0755,12,2633
pool table,22,6,16,0.002383,0.006049,-0.9609021384714165,-2.0683251251357113,-0.205,6,2512,-0.134,16,2629
pool towel,22,6,16,0.002383,0.006049,-0.9609021384714165,-2.0683251251357113,0.1291,6,2512,0.1175,16,2629
pool view,19,5,14,0.001986,0.005293,-1.0067839455668377,-1.9934104460726332,-0.1047,5,2513,0.1713,14,2631
poor condition,19,5,14,0.001986,0.005293,-1.0067839455668377,-1.9934104460726332,-0.3051,5,2513,-1.7676,14,2631
previous reviewer,11,1,10,0.000397,0.003781,-2.1465806765845166,-2.245063246106674,-1.7052,1,2517,0.0419,10,2635
previous visit,20,15,5,0.005957,0.00189,1.022652796684028,2.046216429028885,0.096,15,2503,0.3424,5,2640
private transfer,15,12,3,0.004766,0.001134,1.289932850860163,2.082503662498944,-0.1218,12,2506,-0.2585,3,2642
quality of food,45,34,11,0.013503,0.004159,1.050843213538455,3.132604691119936,0.0014,34,2484,-0.3506,11,2634
quality of service,15,12,3,0.004766,0.001134,1.289932850860163,2.082503662498944,-0.8754,12,2506,0.0752,3,2642
reasonable price,21,2,19,0.000794,0.007183,-2.1039332260474453,-3.0916817225972015,0.2957,2,2516,0.27,19,2626
reception staff,113,29,84,0.011517,0.031758,-1.0395469956551437,-4.982849152618733,-0.2941,29,2489,-0.1929,84,2561
rental car,10,1,9,0.000397,0.003403,-2.0582549952428835,-2.124179589085122,0.2956,1,2517,-0.0361,9,2636
resort course,43,0,43,0.0,0.016257,-3.935513697446871,-3.6536678280511152,,0,0,-0.3334,43,2602
room card,13,11,2,0.004369,0.000756,1.579582766846313,2.1694974507384535,-0.4337,11,2507,-1.2592,2,2643
room cleaning,16,13,3,0.005163,0.001134,1.3634473892149899,2.2247386405742646,-0.3989,13,2505,0.0752,3,2642
room in the hotel,13,2,11,0.000794,0.004159,-1.6284622509082016,-2.236631581530092,-0.2047,2,2516,-0.2593,11,2634
san lorenzo golf,38,0,38,0.0,0.014367,-3.9354141300929424,-3.43459587454198,,0,0,-0.2086,38,2607
sea view,71,54,17,0.021446,0.006427,1.0766309807638548,4.00598904609184,-0.3415,54,2464,-0.2007,17,2628
sea view room,16,15,1,0.005957,0.000378,2.4224392901573903,2.6771802210328763,-0.3734,15,2503,-0.2583,1,2644
self catering,15,0,15,0.0,0.005671,-3.9349561880459607,-2.15763975653795,,0,0,0.3437,15,2630
several pool,24,6,18,0.002383,0.006805,-1.0715760895672588,-2.3487510887646565,0.1291,6,2512,-0.0362,18,2627
short break,16,3,13,0.001191,0.004915,-1.412328373017397,-2.3044977968972025,-0.0379,3,2515,-0.1049,13,2632
short distance,10,1,9,0.000397,0.003403,-2.0582549952428835,-2.124179589085122,-0.7048,1,2517,0.6328,9,2636
short drive,14,2,12,0.000794,0.004537,-1.7062078349771799,-2.3688393427670924,-0.2047,2,2516,0.0755,12,2633
short taxi ride,9,1,8,0.000397,0.003025,-1.9578504570533575,-1.9912079162178047,-0.7048,1,2517,0.2425,8,2637
short walk,34,10,24,0.003971,0.009074,-0.8615363897404977,-2.353590224458487,-0.0045,10,2508,0.2019,24,2621
shuttle bus,86,29,57,0.011517,0.02155,-0.6722806092480766,-3.0207498167346043,0.1245,29,2489,0.3278,57,2588
single day,10,9,1,0.003574,0.000378,2.009377011136378,2.073736074343444,-0.1495,9,2509,-1.2587,1,2644
sister hotel,25,24,1,0.009531,0.000378,2.7622707516467733,3.2955512836023333,-0.0803,24,2494,0.7421,1,2644
site restaurant,15,1,14,0.000397,0.005293,-2.417928630160395,-2.6457586661351993,0.2956,1,2517,0.3867,14,2631
slow play,13,2,11,0.000794,0.004159,-1.6284622509082016,-2.236631581530092,-0.2047,2,2516,-0.807,11,2634
small shop,11,1,10,0.000397,0.003781,-2.1465806765845166,-2.245063246106674,0.2956,1,2517,0.2427,10,2635
snack bar,42,35,7,0.0139,0.002647,1.4940663304752304,3.7932880170502616,0.0389,35,2483,-0.2589,7,2638
so much choice,38,30,8,0.011914,0.003025,1.2306244773450583,3.2159939959377253,0.1641,30,2488,0.3679,8,2637
special mention,128,97,31,0.038523,0.01172,1.063129694365072,5.32997534371947,0.1572,97,2421,0.2936,31,2614
special thank,103,91,12,0.03614,0.004537,1.8642352298695082,6.52482005956838,0.2495,91,2427,0.494,12,2633
speciality restaurant,14,14,0,0.00556,0.0,3.8860562943938497,2.0585741287446986,-0.2057,14,2504,,0,0
spectacular view,13,2,11,0.000794,0.004159,-1.6284622509082016,-2.236631581530092,0.2957,2,2516,0.2884,11,2634
standard room,37,29,8,0.011517,0.003025,1.1992189616662428,3.1192546784270756,0.0198,29,2489,-0.1336,8,2637
star hotel,179,60,119,0.023828,0.044991,-0.6815040267333305,-4.4118716354281,-0.4998,60,2458,-0.6752,119,2526
star resort,66,13,53,0.005163,0.020038,-1.356963900886301,-4.572020703341581,-1.4814,13,2505,-0.7834,53,2592
star review,14,3,11,0.001191,0.004159,-1.2584373904882575,-2.00765535134029,-0.0379,3,2515,-0.168,11,2634
star service,20,5,15,0.001986,0.005671,-1.071535780064302,-2.144025933894071,-0.7059,5,2513,-0.9972,15,2630
start to finish,21,17,4,0.006751,0.001512,1.3457147234154414,2.529017603999119,0.0014,17,2501,0.7429,4,2641
steak restaurant,35,34,1,0.013503,0.000378,2.9836294946443154,3.814859256355956,0.0908,34,2484,-1.2587,1,2644
sun lounger,86,28,58,0.01112,0.021928,-0.7222473568623027,-3.219122770872533,0.0099,28,2490,-0.1759,58,2587
swimming pool,177,55,122,0.021843,0.046125,-0.787995060890788,-4.981732754695862,0.0233,55,2463,0.1332,122,2523
taxi ride,17,1,16,0.000397,0.006049,-2.520506841304913,-2.8123166976972747,0.2956,1,2517,0.1175,16,2629
tea making facility,9,1,8,0.000397,0.003025,-1.9578504570533575,-1.9912079162178047,0.2956,1,2517,-0.259,8,2637
tennis court,138,18,120,0.007149,0.045369,-1.8012233300627,-7.600087927661924,0.2976,18,2500,0.1049,120,2525
too much trouble,129,80,49,0.031771,0.018526,0.4463564836921732,2.5162596126262566,0.2148,80,2438,0.3815,49,2596
top class,34,24,10,0.009531,0.003781,0.8126464064999643,2.220030008083276,0.2142,24,2494,0.6442,10,2635
top quality,35,26,9,0.010326,0.003403,0.9874036648621347,2.635574380744857,0.182,26,2492,0.4098,9,2636
top tip,12,11,1,0.004369,0.000378,2.17629604522636,2.3043930805809065,-0.0685,11,2507,-0.2583,1,2644
tumble dryer,17,0,17,0.0,0.006427,-3.9349960111524025,-2.2970061720788406,,0,0,0.1545,17,2628
turkish bath,23,19,4,0.007546,0.001512,1.447295568962045,2.7595759781080607,-0.1265,19,2499,0.2421,4,2641
twin bedroom,9,1,8,0.000397,0.003025,-1.9578504570533575,-1.9912079162178047,0.2956,1,2517,-0.3844,8,2637
twin room,17,3,14,0.001191,0.005293,-1.4800011030173863,-2.438312952229748,0.2958,3,2515,-0.3314,14,2631
view over the golf,51,10,41,0.003971,0.015501,-1.3619726531610263,-4.0277666532026855,0.0959,10,2508,0.1341,41,2604
visit to the hotel,10,9,1,0.003574,0.000378,2.009377011136378,2.073736074343444,0.0735,9,2509,0.7421,1,2644
walk to the beach,29,8,21,0.003177,0.00794,-0.9461256741412951,-2.3457049700686303,-0.456,8,2510,0.2677,21,2624
walking distance,30,3,27,0.001191,0.010208,-2.05857447573395,-3.679758052792448,0.2958,3,2515,0.1507,27,2618
washing machine,61,4,57,0.001589,0.02155,-2.43249697801732,-5.336856202420636,0.2959,4,2514,0.1306,57,2588
water park,93,84,9,0.03336,0.003403,2.0413198119353098,6.349057746619557,-0.0515,84,2434,-0.2591,9,2636
welcome drink,22,5,17,0.001986,0.006427,-1.1884263325396347,-2.421832032967889,-0.3051,5,2513,0.1545,17,2628
well equipped kitchen,13,0,13,0.0,0.004915,-3.9349163606234043,-2.0086329687546978,,0,0,0.2043,13,2632
well value,9,1,8,0.000397,0.003025,-1.9578504570533575,-1.9912079162178047,-1.7052,1,2517,-0.1336,8,2637
whole resort,20,4,16,0.001589,0.006049,-1.3388735447984406,-2.4959024040032034,0.0455,4,2514,0.1804,16,2629
whole team,10,9,1,0.003574,0.000378,2.009377011136378,2.073736074343444,0.185,9,2509,0.7421,1,2644
winter season,10,9,1,0.003574,0.000378,2.009377011136378,2.073736074343444,0.2965,9,2509,-0.2583,1,2644
wonderful experience,21,16,5,0.006354,0.00189,1.0830231071089713,2.1878120164773196,-0.0171,16,2502,0.5428,5,2640
wonderful hotel,25,20,5,0.007943,0.00189,1.2900482764139598,2.6887412397214225,0.2978,20,2498,0.3424,5,2640
wonderful service,14,12,2,0.004766,0.000756,1.6573278510022487,2.3009760808947832,0.1294,12,2506,0.242,2,2643
wow factor,12,10,2,0.003971,0.000756,1.493680693126553,2.027074384209378,-0.5065,10,2508,0.242,2,2643
young child,64,23,41,0.009134,0.015501,-0.5789678185473681,-2.2748615938808125,-0.0967,23,2495,-0.2623,41,2604
young kid,18,1,17,0.000397,0.006427,-2.5660195352692163,-2.8896341670068995,0.2956,1,2517,-0.0231,17,2628
